DATE RECORDED,TREATMENT,SPECIES,PROP_ID,SAMPLE,TOT_FRESH_WT (g),TOT_DRY_WT (g),NOTES
04/26/2025,A,LARA,LA-40,LEAVES,4.868,1.133,
04/26/2025,A,LARA,LA-40,STEM,2.520,0.701,
04/26/2025,A,LARA,LA-40,DEAD ROOTS,1.219,0.084,
04/26/2025,A,LARA,LA-40,FINE ROOTS,3.135,0.595,
04/26/2025,A,LARA,LA-40,COARSE ROOTS,2.792,0.570,rip in paper bag
04/26/2025,A,LARA,LA-50,LEAVES,1.538,0.123,
04/26/2025,A,LARA,LA-50,STEM,0.878,-0.011,
04/26/2025,A,LARA,LA-50,DEAD ROOTS,0.020,-0.271,
04/26/2025,A,LARA,LA-50,FINE ROOTS,1.777,0.027,
04/26/2025,A,LARA,LA-50,COARSE ROOTS,0.708,-0.116,
04/29/2025,A,LARA,LA-49,LEAVES,3.753,0.654,
04/29/2025,A,LARA,LA-49,STEM,1.781,0.254,
04/29/2025,A,LARA,LA-49,DEAD ROOTS,0.098,-0.279,
04/29/2025,A,LARA,LA-49,FINE ROOTS,2.902,0.224,
04/29/2025,A,LARA,LA-49,COARSE ROOTS,3.331,0.407,
04/29/2025,A,LARA,LA-25,LEAVES,2.401,0.358,
04/29/2025,A,LARA,LA-25,STEM,1.120,0.146,
04/29/2025,A,LARA,LA-25,DEAD ROOTS,0.062,-0.165,
04/29/2025,A,LARA,LA-25,FINE ROOTS,1.584,0.148,
04/29/2025,A,LARA,LA-25,COARSE ROOTS,0.915,0.020,
05/02/2025,A,LARA,LA-53,LEAVES,2.126,0.323,
05/02/2025,A,LARA,LA-53,STEM,0.875,0.047,
05/02/2025,A,LARA,LA-53,DEAD ROOTS,0.001,-0.171,
05/02/2025,A,LARA,LA-53,FINE ROOTS,1.397,0.133,
05/02/2025,A,LARA,LA-53,COARSE ROOTS,0.956,0.034,
05/02/2025,A,LARA,LA-46,LEAVES,6.030,1.087,
05/02/2025,A,LARA,LA-46,STEM,2.754,0.565,
05/02/2025,A,LARA,LA-46,DEAD ROOTS,0.106,-0.264,
05/02/2025,A,LARA,LA-46,FINE ROOTS,4.409,0.525,
05/02/2025,A,LARA,LA-46,COARSE ROOTS,4.260,0.591,
05/06/2025,A,LARA,LA-43,LEAVES,3.043,0.793,
05/06/2025,A,LARA,LA-43,STEM,1.501,0.334,
05/06/2025,A,LARA,LA-43,DEAD ROOTS,0.014,-0.162,
05/06/2025,A,LARA,LA-43,FINE ROOTS,1.577,0.278,
05/06/2025,A,LARA,LA-43,COARSE ROOTS,1.499,0.256,
05/06/2025,A,LARA,LA-34,LEAVES,4.360,0.971,
05/06/2025,A,LARA,LA-34,STEM,2.258,0.542,
05/06/2025,A,LARA,LA-34,DEAD ROOTS,0.111,-0.143,
05/06/2025,A,LARA,LA-34,FINE ROOTS,4.142,0.767,
05/06/2025,A,LARA,LA-34,COARSE ROOTS,3.056,0.543,
05/06/2025,A,LARA,LA-35,LEAVES,2.693,0.412,
05/06/2025,A,LARA,LA-35,STEM,1.700,0.224,
05/06/2025,A,LARA,LA-35,DEAD ROOTS,0.185,-0.243,
05/06/2025,A,LARA,LA-35,FINE ROOTS,1.592,0.072,
05/06/2025,A,LARA,LA-35,COARSE ROOTS,2.237,0.278,
05/06/2025,A,LARA,LA-18,LEAVES,3.973,0.739,
05/06/2025,A,LARA,LA-18,STEM,2.309,0.511,
05/06/2025,A,LARA,LA-18,DEAD ROOTS,0.107,-0.173,
05/06/2025,A,LARA,LA-18,FINE ROOTS,2.886,0.474,
05/06/2025,A,LARA,LA-18,COARSE ROOTS,2.551,0.429,
04/26/2025,A,RHMA,RA-22,LEAVES,11.933,3.332,
04/26/2025,A,RHMA,RA-22,STEM,6.954,2.226,
04/26/2025,A,RHMA,RA-22,HYPO,35.872,11.074,
04/26/2025,A,RHMA,RA-22,DEAD ROOTS,0.235,-0.101,
04/26/2025,A,RHMA,RA-22,FINE ROOTS,6.564,1.540,
04/26/2025,A,RHMA,RA-22,COARSE ROOTS,15.206,2.196,
04/26/2025,A,RHMA,RA-20,LEAVES,13.456,3.751,
04/26/2025,A,RHMA,RA-20,STEM,6.155,2.160,
04/26/2025,A,RHMA,RA-20,HYPO,42.593,13.119,
04/26/2025,A,RHMA,RA-20,DEAD ROOTS,0.026,-0.093,
04/26/2025,A,RHMA,RA-20,FINE ROOTS,8.042,1.814,
04/26/2025,A,RHMA,RA-20,COARSE ROOTS,11.357,1.866,
04/29/2025,A,RHMA,RA-54,LEAVES,13.965,3.562,
04/29/2025,A,RHMA,RA-54,STEM,5.806,1.957,
04/29/2025,A,RHMA,RA-54,HYPO,39.983,12.894,
04/29/2025,A,RHMA,RA-54,DEAD ROOTS,0.039,-0.114,
04/29/2025,A,RHMA,RA-54,FINE ROOTS,6.453,1.524,
04/29/2025,A,RHMA,RA-54,COARSE ROOTS,16.831,2.731,
04/29/2025,A,RHMA,RA-55,LEAVES,8.718,2.428,
04/29/2025,A,RHMA,RA-55,STEM,5.623,1.900,
04/29/2025,A,RHMA,RA-55,HYPO,32.464,11.049,
04/29/2025,A,RHMA,RA-55,DEAD ROOTS,0.108,-0.109,
04/29/2025,A,RHMA,RA-55,FINE ROOTS,7.198,1.603,
04/29/2025,A,RHMA,RA-55,COARSE ROOTS,9.686,1.687,
05/02/2025,A,RHMA,RA-12,LEAVES,9.489,2.685,
05/02/2025,A,RHMA,RA-12,STEM,4.268,1.362,
05/02/2025,A,RHMA,RA-12,HYPO,26.847,8.504,
05/02/2025,A,RHMA,RA-12,DEAD ROOTS,0.166,-0.131,
05/02/2025,A,RHMA,RA-12,FINE ROOTS,5.020,1.126,
05/02/2025,A,RHMA,RA-12,COARSE ROOTS,17.154,2.528,
05/02/2025,A,RHMA,RA-25,LEAVES,7.387,2.137,
05/02/2025,A,RHMA,RA-25,STEM,4.582,1.492,
05/02/2025,A,RHMA,RA-25,HYPO,32.150,10.203,
05/02/2025,A,RHMA,RA-25,DEAD ROOTS,0.007,-0.173,
05/02/2025,A,RHMA,RA-25,FINE ROOTS,6.720,1.669,
05/02/2025,A,RHMA,RA-25,COARSE ROOTS,6.894,1.139,
05/06/2025,A,RHMA,RA-17,LEAVES,13.012,3.675,
05/06/2025,A,RHMA,RA-17,STEM,5.519,1.930,
05/06/2025,A,RHMA,RA-17,HYPO,42.063,13.607,
05/06/2025,A,RHMA,RA-17,DEAD ROOTS,0.061,0.400,
05/06/2025,A,RHMA,RA-17,FINE ROOTS,6.855,1.940,
05/06/2025,A,RHMA,RA-17,COARSE ROOTS,8.872,2.008,
05/06/2025,A,RHMA,RA-40,LEAVES,10.254,2.890,
05/06/2025,A,RHMA,RA-40,STEM,4.611,1.581,
05/06/2025,A,RHMA,RA-40,HYPO,25.156,8.174,
05/06/2025,A,RHMA,RA-40,DEAD ROOTS,0.025,-0.126,
05/06/2025,A,RHMA,RA-40,FINE ROOTS,4.594,1.213,
05/06/2025,A,RHMA,RA-40,COARSE ROOTS,7.715,1.353,
05/06/2025,A,RHMA,RA-28,LEAVES,10.587,3.031,
05/06/2025,A,RHMA,RA-28,STEM,4.840,1.756,
05/06/2025,A,RHMA,RA-28,HYPO,27.498,9.041,
05/06/2025,A,RHMA,RA-28,DEAD ROOTS,0.020,-0.115,
05/06/2025,A,RHMA,RA-28,FINE ROOTS,6.577,1.745,
05/06/2025,A,RHMA,RA-28,COARSE ROOTS,12.320,2.346,
05/06/2025,A,RHMA,RA-10,LEAVES,16.496,4.876,
05/06/2025,A,RHMA,RA-10,STEM,7.955,2.763,
05/06/2025,A,RHMA,RA-10,HYPO,44.901,14.675,
05/06/2025,A,RHMA,RA-10,DEAD ROOTS,0.097,-0.105,
05/06/2025,A,RHMA,RA-10,FINE ROOTS,6.218,1.559,
05/06/2025,A,RHMA,RA-10,COARSE ROOTS,26.516,4.466,
04/26/2025,B,LARA,LB-29,LEAVES,0.347,-0.156,
04/26/2025,B,LARA,LB-29,STEM,0.256,-0.164,
04/26/2025,B,LARA,LB-29,DEAD ROOTS,0.143,-0.201,
04/26/2025,B,LARA,LB-29,FINE ROOTS,0.234,-0.147,
04/26/2025,B,LARA,LB-29,COARSE ROOTS,0.374,-0.097,
04/26/2025,B,LARA,LB-51,LEAVES,0.078,-0.206,
04/26/2025,B,LARA,LB-51,STEM,0.236,-0.169,
04/26/2025,B,LARA,LB-51,DEAD ROOTS,0.090,-0.206,
04/26/2025,B,LARA,LB-51,FINE ROOTS,0.130,-0.191,
04/26/2025,B,LARA,LB-51,COARSE ROOTS,0.057,-0.209,
04/29/2025,B,LARA,LB-55,LEAVES,0.215,-0.183,
04/29/2025,B,LARA,LB-55,STEM,0.216,-0.214,
04/29/2025,B,LARA,LB-55,DEAD ROOTS,0.035,-0.264,
04/29/2025,B,LARA,LB-55,FINE ROOTS,0.197,-0.233,
04/29/2025,B,LARA,LB-55,COARSE ROOTS,0.216,-0.237,
04/29/2025,B,LARA,LB-54,LEAVES,0.191,-0.072,
04/29/2025,B,LARA,LB-54,STEM,0.231,-0.055,
04/29/2025,B,LARA,LB-54,DEAD ROOTS,0.037,-0.119,
04/29/2025,B,LARA,LB-54,FINE ROOTS,0.244,-0.068,
04/29/2025,B,LARA,LB-54,COARSE ROOTS,0.262,-0.076,
05/02/2025,B,LARA,LB-58,LEAVES,0.105,-0.264,
05/02/2025,B,LARA,LB-58,STEM,0.174,-0.245,
05/02/2025,B,LARA,LB-58,DEAD ROOTS,0.021,-0.292,
05/02/2025,B,LARA,LB-58,FINE ROOTS,0.226,-0.233,
05/02/2025,B,LARA,LB-58,COARSE ROOTS,0.077,-0.243,
05/02/2025,B,LARA,LB-17,LEAVES,0.287,-0.083,
05/02/2025,B,LARA,LB-17,STEM,0.495,-0.027,
05/02/2025,B,LARA,LB-17,DEAD ROOTS,0.233,-0.103,
05/02/2025,B,LARA,LB-17,FINE ROOTS,0.344,-0.089,
05/02/2025,B,LARA,LB-17,COARSE ROOTS,0.532,0.004,
05/06/2025,B,LARA,LB-45,LEAVES,0.590,-0.149,
05/06/2025,B,LARA,LB-45,STEM,0.228,-0.184,
05/06/2025,B,LARA,LB-45,DEAD ROOTS,0.051,-0.241,
05/06/2025,B,LARA,LB-45,FINE ROOTS,0.207,-0.169,
05/06/2025,B,LARA,LB-45,COARSE ROOTS,0.050,-0.229,
05/06/2025,B,LARA,LB-47,LEAVES,0.114,-0.143,
05/06/2025,B,LARA,LB-47,STEM,0.192,-0.104,
05/06/2025,B,LARA,LB-47,DEAD ROOTS,0.004,-0.168,
05/06/2025,B,LARA,LB-47,FINE ROOTS,0.251,-0.066,
05/06/2025,B,LARA,LB-47,COARSE ROOTS,0.036,-0.137,
05/06/2025,B,LARA,LB-49,LEAVES,0.087,-0.257,
05/06/2025,B,LARA,LB-49,STEM,0.160,-0.223,
05/06/2025,B,LARA,LB-49,DEAD ROOTS,0.006,-0.275,
05/06/2025,B,LARA,LB-49,FINE ROOTS,0.225,-0.210,
05/06/2025,B,LARA,LB-49,COARSE ROOTS,0.023,-0.294,
05/06/2025,B,LARA,LB-57,LEAVES,0.066,-0.207,
05/06/2025,B,LARA,LB-57,STEM,0.072,-0.202,
05/06/2025,B,LARA,LB-57,DEAD ROOTS,0.014,-0.215,
05/06/2025,B,LARA,LB-57,FINE ROOTS,0.110,-0.155,
05/06/2025,B,LARA,LB-57,COARSE ROOTS,0.014,-0.141,
04/26/2025,B,RHMA,RB-16,LEAVES,6.891,1.915,
04/26/2025,B,RHMA,RB-16,STEM,2.954,0.929,
04/26/2025,B,RHMA,RB-16,HYPO,26.421,8.858,
04/26/2025,B,RHMA,RB-16,DEAD ROOTS,0.118,-0.127,
04/26/2025,B,RHMA,RB-16,FINE ROOTS,2.591,0.016,
04/26/2025,B,RHMA,RB-16,COARSE ROOTS,9.040,1.645,
04/26/2025,B,RHMA,RB-23,LEAVES,4.224,1.123,
04/26/2025,B,RHMA,RB-23,STEM,1.472,0.413,
04/26/2025,B,RHMA,RB-23,HYPO,18.788,5.854,
04/26/2025,B,RHMA,RB-23,DEAD ROOTS,0.288,-0.059,
04/26/2025,B,RHMA,RB-23,FINE ROOTS,2.011,0.617,
04/26/2025,B,RHMA,RB-23,COARSE ROOTS,6.156,1.091,
04/29/2025,B,RHMA,RB-50,LEAVES,12.499,3.515,
04/29/2025,B,RHMA,RB-50,STEM,4.250,1.355,
04/29/2025,B,RHMA,RB-50,HYPO,43.901,13.573,
04/29/2025,B,RHMA,RB-50,DEAD ROOTS,0.371,-0.055,
04/29/2025,B,RHMA,RB-50,FINE ROOTS,2.239,0.519,
04/29/2025,B,RHMA,RB-50,COARSE ROOTS,13.786,2.464,
04/29/2025,B,RHMA,RB-10,LEAVES,6.594,1.822,
04/29/2025,B,RHMA,RB-10,STEM,2.337,0.724,
04/29/2025,B,RHMA,RB-10,HYPO,38.345,13.181,
04/29/2025,B,RHMA,RB-10,DEAD ROOTS,0.208,-0.050,
04/29/2025,B,RHMA,RB-10,FINE ROOTS,3.041,0.966,
04/29/2025,B,RHMA,RB-10,COARSE ROOTS,8.117,1.766,
05/02/2025,B,RHMA,RB-20,LEAVES,7.557,2.338,
05/02/2025,B,RHMA,RB-20,STEM,3.765,1.252,
05/02/2025,B,RHMA,RB-20,HYPO,36.265,11.634,
05/02/2025,B,RHMA,RB-20,DEAD ROOTS,0.259,-0.051,
05/02/2025,B,RHMA,RB-20,FINE ROOTS,4.504,1.160,
05/02/2025,B,RHMA,RB-20,COARSE ROOTS,10.880,1.908,
05/02/2025,B,RHMA,RB-60,LEAVES,8.495,2.257,
05/02/2025,B,RHMA,RB-60,STEM,3.379,1.089,
05/02/2025,B,RHMA,RB-60,HYPO,39.030,13.499,
05/02/2025,B,RHMA,RB-60,DEAD ROOTS,0.131,-0.115,
05/02/2025,B,RHMA,RB-60,FINE ROOTS,2.232,0.501,
05/02/2025,B,RHMA,RB-60,COARSE ROOTS,11.846,2.092,
05/06/2025,B,RHMA,RB-51,LEAVES,5.746,1.625,
05/06/2025,B,RHMA,RB-51,STEM,2.629,0.810,
05/06/2025,B,RHMA,RB-51,HYPO,27.179,8.815,
05/06/2025,B,RHMA,RB-51,DEAD ROOTS,0.031,-0.148,
05/06/2025,B,RHMA,RB-51,FINE ROOTS,2.016,0.406,
05/06/2025,B,RHMA,RB-51,COARSE ROOTS,15.566,2.676,
05/06/2025,B,RHMA,RB-26,LEAVES,8.176,2.367,
05/06/2025,B,RHMA,RB-26,STEM,2.869,0.939,
05/06/2025,B,RHMA,RB-26,HYPO,29.081,-0.037,
05/06/2025,B,RHMA,RB-26,DEAD ROOTS,0.118,-0.142,
05/06/2025,B,RHMA,RB-26,FINE ROOTS,2.352,0.563,
05/06/2025,B,RHMA,RB-26,COARSE ROOTS,7.665,1.668,
05/06/2025,B,RHMA,RB-3,LEAVES,7.810,2.272,
05/06/2025,B,RHMA,RB-3,STEM,2.770,0.881,
05/06/2025,B,RHMA,RB-3,HYPO,38.956,11.949,
05/06/2025,B,RHMA,RB-3,DEAD ROOTS,0.135,-0.124,
05/06/2025,B,RHMA,RB-3,FINE ROOTS,2.735,0.690,
05/06/2025,B,RHMA,RB-3,COARSE ROOTS,12.016,2.133,
05/06/2025,B,RHMA,RB-13,LEAVES,5.819,1.816,
05/06/2025,B,RHMA,RB-13,STEM,2.098,0.653,
05/06/2025,B,RHMA,RB-13,HYPO,33.271,11.353,
05/06/2025,B,RHMA,RB-13,DEAD ROOTS,0.141,-0.100,
05/06/2025,B,RHMA,RB-13,FINE ROOTS,3.552,0.977,
05/06/2025,B,RHMA,RB-13,COARSE ROOTS,10.773,2.089,
04/26/2025,C,RHMA,RC-18,LEAVES,6.331,1.624,
04/26/2025,C,RHMA,RC-18,STEM,2.207,0.600,
04/26/2025,C,RHMA,RC-18,HYPO,20.801,6.795,rip in paper bag
04/26/2025,C,RHMA,RC-18,DEAD ROOTS,0.348,-0.052,
04/26/2025,C,RHMA,RC-18,FINE ROOTS,4.642,0.956,
04/26/2025,C,RHMA,RC-18,COARSE ROOTS,4.687,0.942,
04/26/2025,C,RHMA,RC-50,LEAVES,8.295,2.257,
04/26/2025,C,RHMA,RC-50,STEM,1.921,0.502,
04/26/2025,C,RHMA,RC-50,HYPO,37.205,13.197,
04/26/2025,C,RHMA,RC-50,DEAD ROOTS,0.053,-0.125,
04/26/2025,C,RHMA,RC-50,FINE ROOTS,4.598,1.009,
04/26/2025,C,RHMA,RC-50,COARSE ROOTS,3.996,0.665,
04/29/2025,C,RHMA,RC-32,LEAVES,6.411,1.868,
04/29/2025,C,RHMA,RC-32,STEM,3.171,0.975,
04/29/2025,C,RHMA,RC-32,HYPO,22.766,7.822,
04/29/2025,C,RHMA,RC-32,DEAD ROOTS,0.047,-0.167,
04/29/2025,C,RHMA,RC-32,FINE ROOTS,3.199,0.955,
04/29/2025,C,RHMA,RC-32,COARSE ROOTS,3.532,0.614,
04/29/2025,C,RHMA,RC-16,LEAVES,4.902,1.386,
04/29/2025,C,RHMA,RC-16,STEM,1.482,0.392,
04/29/2025,C,RHMA,RC-16,HYPO,19.517,6.705,
04/29/2025,C,RHMA,RC-16,DEAD ROOTS,0.024,-0.105,
04/29/2025,C,RHMA,RC-16,FINE ROOTS,2.661,0.807,
04/29/2025,C,RHMA,RC-16,COARSE ROOTS,4.698,0.985,
05/02/2025,C,RHMA,RC-5,LEAVES,12.258,2.937,
05/02/2025,C,RHMA,RC-5,STEM,2.521,2.629,
05/02/2025,C,RHMA,RC-5,HYPO,41.806,13.397,
05/02/2025,C,RHMA,RC-5,DEAD ROOTS,0.080,-0.147,
05/02/2025,C,RHMA,RC-5,FINE ROOTS,4.359,1.145,
05/02/2025,C,RHMA,RC-5,COARSE ROOTS,7.871,1.532,
05/02/2025,C,RHMA,RC-35,LEAVES,5.509,1.505,
05/02/2025,C,RHMA,RC-35,STEM,2.707,0.767,
05/02/2025,C,RHMA,RC-35,HYPO,20.037,5.859,
05/02/2025,C,RHMA,RC-35,DEAD ROOTS,0.122,-0.126,
05/02/2025,C,RHMA,RC-35,FINE ROOTS,3.861,0.906,
05/02/2025,C,RHMA,RC-35,COARSE ROOTS,4.514,0.574,
05/06/2025,C,RHMA,RC-11,LEAVES,5.398,1.418,swapped C-34 to C-11
05/06/2025,C,RHMA,RC-11,STEM,1.854,0.538,
05/06/2025,C,RHMA,RC-11,HYPO,21.904,7.751,
05/06/2025,C,RHMA,RC-11,DEAD ROOTS,0.155,-0.117,
05/06/2025,C,RHMA,RC-11,FINE ROOTS,2.300,0.399,
05/06/2025,C,RHMA,RC-11,COARSE ROOTS,5.653,0.801,
05/06/2025,C,RHMA,RC-10,LEAVES,9.715,2.612,
05/06/2025,C,RHMA,RC-10,STEM,1.740,0.430,
05/06/2025,C,RHMA,RC-10,HYPO,39.030,14.651,
05/06/2025,C,RHMA,RC-10,DEAD ROOTS,0.045,-0.171,
05/06/2025,C,RHMA,RC-10,FINE ROOTS,3.098,1.065,
05/06/2025,C,RHMA,RC-10,COARSE ROOTS,6.406,1.294,
05/06/2025,C,RHMA,RC-21,LEAVES,0.585,0.063,
05/06/2025,C,RHMA,RC-21,STEM,0.438,0.012,
05/06/2025,C,RHMA,RC-21,HYPO,28.560,10.284,
05/06/2025,C,RHMA,RC-21,DEAD ROOTS,0.390,-0.056,
05/06/2025,C,RHMA,RC-21,FINE ROOTS,0.406,-0.009,
05/06/2025,C,RHMA,RC-21,COARSE ROOTS,1.094,0.090,
05/06/2025,C,RHMA,RC-44,LEAVES,13.384,3.137,
05/06/2025,C,RHMA,RC-44,STEM,4.021,1.092,
05/06/2025,C,RHMA,RC-44,HYPO,35.831,11.070,
05/06/2025,C,RHMA,RC-44,DEAD ROOTS,0.039,-0.154,
05/06/2025,C,RHMA,RC-44,FINE ROOTS,6.432,1.465,
05/06/2025,C,RHMA,RC-44,COARSE ROOTS,9.717,1.719,
04/26/2025,D,LARA,LD-11,LEAVES,0.549,-0.080,
04/26/2025,D,LARA,LD-11,STEM,0.240,-0.090,
04/26/2025,D,LARA,LD-11,DEAD ROOTS,0.032,-0.124,
04/26/2025,D,LARA,LD-11,FINE ROOTS,0.177,-0.060,
04/26/2025,D,LARA,LD-11,COARSE ROOTS,NA,,
04/26/2025,D,LARA,LD-54,LEAVES,0.249,-0.081,
04/26/2025,D,LARA,LD-54,STEM,0.273,-1.057,
04/26/2025,D,LARA,LD-54,DEAD ROOTS,0.094,-0.085,
04/26/2025,D,LARA,LD-54,FINE ROOTS,0.140,-0.088,
04/26/2025,D,LARA,LD-54,COARSE ROOTS,0.051,-0.089,
04/29/2025,D,LARA,LD-24,LEAVES,2.149,0.438,
04/29/2025,D,LARA,LD-24,STEM,1.029,0.193,
04/29/2025,D,LARA,LD-24,DEAD ROOTS,0.115,-0.081,
04/29/2025,D,LARA,LD-24,FINE ROOTS,1.042,0.256,
04/29/2025,D,LARA,LD-24,COARSE ROOTS,0.753,0.105,
04/29/2025,D,LARA,LD-2,LEAVES,0.755,0.147,
04/29/2025,D,LARA,LD-2,STEM,0.256,0.054,
04/29/2025,D,LARA,LD-2,DEAD ROOTS,-0.258,-0.080,
04/29/2025,D,LARA,LD-2,FINE ROOTS,0.259,0.085,
04/29/2025,D,LARA,LD-2,COARSE ROOTS,0.022,0.050,
05/02/2025,D,LARA,LD-12,LEAVES,0.245,-0.087,
05/02/2025,D,LARA,LD-12,STEM,0.256,-0.041,
05/02/2025,D,LARA,LD-12,DEAD ROOTS,0.006,-0.125,
05/02/2025,D,LARA,LD-12,FINE ROOTS,0.127,-0.077,
05/02/2025,D,LARA,LD-12,COARSE ROOTS,0.155,-0.101,
05/02/2025,D,LARA,LD-40,LEAVES,0.523,-0.097,
05/02/2025,D,LARA,LD-40,STEM,0.227,-0.086,
05/02/2025,D,LARA,LD-40,DEAD ROOTS,0.018,-0.160,
05/02/2025,D,LARA,LD-40,FINE ROOTS,0.174,-0.077,
05/02/2025,D,LARA,LD-40,COARSE ROOTS,0.038,-0.146,
05/06/2025,D,LARA,LD-3,LEAVES,0.995,0.088,
05/06/2025,D,LARA,LD-3,STEM,0.542,0.024,
05/06/2025,D,LARA,LD-3,DEAD ROOTS,0.249,-0.060,
05/06/2025,D,LARA,LD-3,FINE ROOTS,0.538,0.010,
05/06/2025,D,LARA,LD-3,COARSE ROOTS,0.560,0.018,
05/06/2025,D,LARA,LD-4,LEAVES,1.936,0.341,
05/06/2025,D,LARA,LD-4,STEM,1.252,0.200,
05/06/2025,D,LARA,LD-4,DEAD ROOTS,0.284,-0.043,
05/06/2025,D,LARA,LD-4,FINE ROOTS,1.329,0.296,
05/06/2025,D,LARA,LD-4,COARSE ROOTS,1.330,0.236,
05/06/2025,D,LARA,LD-59,LEAVES,1.862,0.297,
05/06/2025,D,LARA,LD-59,STEM,0.676,0.085,
05/06/2025,D,LARA,LD-59,DEAD ROOTS,0.088,-0.097,
05/06/2025,D,LARA,LD-59,FINE ROOTS,0.305,0.011,
05/06/2025,D,LARA,LD-59,COARSE ROOTS,0.360,0.039,
05/06/2025,D,LARA,LD-36,LEAVES,1.658,0.194,
05/06/2025,D,LARA,LD-36,STEM,0.636,0.059,
05/06/2025,D,LARA,LD-36,DEAD ROOTS,0.086,-0.122,
05/06/2025,D,LARA,LD-36,FINE ROOTS,0.329,-0.101,
05/06/2025,D,LARA,LD-36,COARSE ROOTS,0.460,-0.120,
04/26/2025,D,RHMA,RD-29,LEAVES,5.262,1.305,
04/26/2025,D,RHMA,RD-29,STEM,1.651,0.406,
04/26/2025,D,RHMA,RD-29,HYPO,21.463,6.696,
04/26/2025,D,RHMA,RD-29,DEAD ROOTS,0.353,-0.077,
04/26/2025,D,RHMA,RD-29,FINE ROOTS,5.874,1.326,
04/26/2025,D,RHMA,RD-29,COARSE ROOTS,2.155,0.218,
04/26/2025,D,RHMA,RD-21,LEAVES,4.296,1.299,
04/26/2025,D,RHMA,RD-21,STEM,1.940,0.564,
04/26/2025,D,RHMA,RD-21,HYPO,18.163,5.408,
04/26/2025,D,RHMA,RD-21,DEAD ROOTS,0.035,-0.104,
04/26/2025,D,RHMA,RD-21,FINE ROOTS,4.803,1.077,
04/26/2025,D,RHMA,RD-21,COARSE ROOTS,6.228,0.950,
04/29/2025,D,RHMA,RD-60,LEAVES,9.914,2.633,
04/29/2025,D,RHMA,RD-60,STEM,3.111,0.983,
04/29/2025,D,RHMA,RD-60,HYPO,48.201,15.589,
04/29/2025,D,RHMA,RD-60,DEAD ROOTS,0.329,0.013,
04/29/2025,D,RHMA,RD-60,FINE ROOTS,4.489,1.237,
04/29/2025,D,RHMA,RD-60,COARSE ROOTS,10.323,1.933,
04/29/2025,D,RHMA,RD-32,LEAVES,5.177,1.632,
04/29/2025,D,RHMA,RD-32,STEM,1.968,0.618,
04/29/2025,D,RHMA,RD-32,HYPO,21.223,6.841,
04/29/2025,D,RHMA,RD-32,DEAD ROOTS,0.046,-0.096,
04/29/2025,D,RHMA,RD-32,FINE ROOTS,3.107,0.937,
04/29/2025,D,RHMA,RD-32,COARSE ROOTS,7.893,1.526,
05/02/2025,D,RHMA,RD-23,LEAVES,2.347,0.456,
05/02/2025,D,RHMA,RD-23,STEM,1.153,0.133,
05/02/2025,D,RHMA,RD-23,HYPO,26.734,7.987,
05/02/2025,D,RHMA,RD-23,DEAD ROOTS,0.162,-0.140,
05/02/2025,D,RHMA,RD-23,FINE ROOTS,1.845,0.261,
05/02/2025,D,RHMA,RD-23,COARSE ROOTS,1.530,0.001,
05/02/2025,D,RHMA,RD-51,LEAVES,9.621,2.667,
05/02/2025,D,RHMA,RD-51,STEM,4.140,1.254,
05/02/2025,D,RHMA,RD-51,HYPO,34.145,10.501,
05/02/2025,D,RHMA,RD-51,DEAD ROOTS,0.008,-0.146,
05/02/2025,D,RHMA,RD-51,FINE ROOTS,4.240,1.015,
05/02/2025,D,RHMA,RD-51,COARSE ROOTS,17.257,2.756,
05/06/2025,D,RHMA,RD-59,LEAVES,7.421,2.106,
05/06/2025,D,RHMA,RD-59,STEM,3.571,1.131,
05/06/2025,D,RHMA,RD-59,HYPO,32.340,10.701,
05/06/2025,D,RHMA,RD-59,DEAD ROOTS,0.019,-0.104,
05/06/2025,D,RHMA,RD-59,FINE ROOTS,4.332,1.228,
05/06/2025,D,RHMA,RD-59,COARSE ROOTS,6.042,1.156,
05/06/2025,D,RHMA,RD-31,LEAVES,4.429,1.259,
05/06/2025,D,RHMA,RD-31,STEM,1.505,0.441,
05/06/2025,D,RHMA,RD-31,HYPO,17.236,5.135,
05/06/2025,D,RHMA,RD-31,DEAD ROOTS,0.012,-0.113,
05/06/2025,D,RHMA,RD-31,FINE ROOTS,4.295,1.127,
05/06/2025,D,RHMA,RD-31,COARSE ROOTS,2.949,0.414,
05/06/2025,D,RHMA,RD-26,LEAVES,6.766,1.855,
05/06/2025,D,RHMA,RD-26,STEM,1.900,0.505,
05/06/2025,D,RHMA,RD-26,HYPO,24.333,7.463,
05/06/2025,D,RHMA,RD-26,DEAD ROOTS,0.012,-0.109,
05/06/2025,D,RHMA,RD-26,FINE ROOTS,6.022,1.258,
05/06/2025,D,RHMA,RD-26,COARSE ROOTS,9.762,1.530,
05/06/2025,D,RHMA,RD-1,LEAVES,8.638,2.440,
05/06/2025,D,RHMA,RD-1,STEM,1.944,0.625,
05/06/2025,D,RHMA,RD-1,HYPO,25.393,8.835,
05/06/2025,D,RHMA,RD-1,DEAD ROOTS,0.071,-0.059,
05/06/2025,D,RHMA,RD-1,FINE ROOTS,3.869,1.126,
05/06/2025,D,RHMA,RD-1,COARSE ROOTS,6.661,1.397,
04/26/2025,E,LARA,LE-27,LEAVES,0.853,-0.020,
04/26/2025,E,LARA,LE-27,STEM,0.779,0.093,
04/26/2025,E,LARA,LE-27,DEAD ROOTS,0.057,-1.102,
04/26/2025,E,LARA,LE-27,FINE ROOTS,0.557,0.016,
04/26/2025,E,LARA,LE-27,COARSE ROOTS,0.350,-0.014,
04/26/2025,E,LARA,LE-13,LEAVES,3.020,0.555,
04/26/2025,E,LARA,LE-13,STEM,1.771,0.398,
04/26/2025,E,LARA,LE-13,DEAD ROOTS,0.060,-0.107,
04/26/2025,E,LARA,LE-13,FINE ROOTS,3.405,0.595,
04/26/2025,E,LARA,LE-13,COARSE ROOTS,1.000,0.141,
04/29/2025,E,LARA,LE-12,LEAVES,2.653,0.370,
04/29/2025,E,LARA,LE-12,STEM,1.195,0.208,
04/29/2025,E,LARA,LE-12,DEAD ROOTS,0.055,-0.103,
04/29/2025,E,LARA,LE-12,FINE ROOTS,2.508,0.324,
04/29/2025,E,LARA,LE-12,COARSE ROOTS,0.433,0.011,
04/29/2025,E,LARA,LE-34,LEAVES,0.606,0.053,
04/29/2025,E,LARA,LE-34,STEM,0.564,0.058,
04/29/2025,E,LARA,LE-34,DEAD ROOTS,0.005,-0.096,
04/29/2025,E,LARA,LE-34,FINE ROOTS,0.366,0.021,
04/29/2025,E,LARA,LE-34,COARSE ROOTS,0.124,-0.070,
05/02/2025,E,LARA,LE-47,LEAVES,1.102,0.076,
05/02/2025,E,LARA,LE-47,STEM,0.740,0.050,
05/02/2025,E,LARA,LE-47,DEAD ROOTS,0.167,-0.116,
05/02/2025,E,LARA,LE-47,FINE ROOTS,1.201,0.077,
05/02/2025,E,LARA,LE-47,COARSE ROOTS,0.545,0.002,
05/02/2025,E,LARA,LE-15,LEAVES,0.742,-0.035,
05/02/2025,E,LARA,LE-15,STEM,0.439,-0.022,
05/02/2025,E,LARA,LE-15,DEAD ROOTS,0.004,-0.144,
05/02/2025,E,LARA,LE-15,FINE ROOTS,0.241,-0.045,
05/02/2025,E,LARA,LE-15,COARSE ROOTS,0.149,-0.093,
04/26/2025,E,RHMA,RE-32,LEAVES,4.183,1.150,
04/26/2025,E,RHMA,RE-32,STEM,1.120,0.241,
04/26/2025,E,RHMA,RE-32,HYPO,23.251,7.574,
04/26/2025,E,RHMA,RE-32,DEAD ROOTS,0.017,-0.102,
04/26/2025,E,RHMA,RE-32,FINE ROOTS,4.739,1.015,
04/26/2025,E,RHMA,RE-32,COARSE ROOTS,2.673,0.425,
04/26/2025,E,RHMA,RE-23,LEAVES,5.851,1.639,goop on bag
04/26/2025,E,RHMA,RE-23,STEM,2.317,0.711,goop on bag
04/26/2025,E,RHMA,RE-23,HYPO,22.579,7.151,
04/26/2025,E,RHMA,RE-23,DEAD ROOTS,0.079,-0.077,
04/26/2025,E,RHMA,RE-23,FINE ROOTS,3.287,0.853,
04/26/2025,E,RHMA,RE-23,COARSE ROOTS,7.247,1.424,
04/29/2025,E,RHMA,RE-31,LEAVES,3.999,1.037,
04/29/2025,E,RHMA,RE-31,STEM,1.315,0.345,
04/29/2025,E,RHMA,RE-31,HYPO,14.411,4.643,
04/29/2025,E,RHMA,RE-31,DEAD ROOTS,0.112,-1.047,
04/29/2025,E,RHMA,RE-31,FINE ROOTS,2.994,0.792,
04/29/2025,E,RHMA,RE-31,COARSE ROOTS,2.734,0.562,
04/29/2025,E,RHMA,RE-24,LEAVES,6.215,0.837,
04/29/2025,E,RHMA,RE-24,STEM,1.521,-0.533,
04/29/2025,E,RHMA,RE-24,HYPO,22.232,7.107,
04/29/2025,E,RHMA,RE-24,DEAD ROOTS,0.023,-1.051,
04/29/2025,E,RHMA,RE-24,FINE ROOTS,4.152,1.087,
04/29/2025,E,RHMA,RE-24,COARSE ROOTS,5.263,0.927,
05/02/2025,E,RHMA,RE-2,LEAVES,6.410,1.783,
05/02/2025,E,RHMA,RE-2,STEM,2.328,0.706,
05/02/2025,E,RHMA,RE-2,HYPO,22.494,6.576,
05/02/2025,E,RHMA,RE-2,DEAD ROOTS,0.118,-0.089,
05/02/2025,E,RHMA,RE-2,FINE ROOTS,3.266,0.799,
05/02/2025,E,RHMA,RE-2,COARSE ROOTS,6.504,1.147,
05/02/2025,E,RHMA,RE-26,LEAVES,6.032,1.768,
05/02/2025,E,RHMA,RE-26,STEM,3.185,0.958,
05/02/2025,E,RHMA,RE-26,HYPO,27.791,8.392,
05/02/2025,E,RHMA,RE-26,DEAD ROOTS,0.124,-0.109,
05/02/2025,E,RHMA,RE-26,FINE ROOTS,3.174,0.875,
05/02/2025,E,RHMA,RE-26,COARSE ROOTS,7.709,1.465,
05/06/2025,E,RHMA,RE-50,LEAVES,4.649,1.290,
05/06/2025,E,RHMA,RE-50,STEM,1.583,0.420,
05/06/2025,E,RHMA,RE-50,HYPO,19.077,5.799,
05/06/2025,E,RHMA,RE-50,DEAD ROOTS,0.078,-0.103,
05/06/2025,E,RHMA,RE-50,FINE ROOTS,2.457,0.892,
05/06/2025,E,RHMA,RE-50,COARSE ROOTS,4.615,0.624,
05/06/2025,E,RHMA,RE-38,LEAVES,3.516,1.019,
05/06/2025,E,RHMA,RE-38,STEM,1.173,0.309,
05/06/2025,E,RHMA,RE-38,HYPO,15.497,5.219,
05/06/2025,E,RHMA,RE-38,DEAD ROOTS,0.018,-0.121,
05/06/2025,E,RHMA,RE-38,FINE ROOTS,2.026,0.621,
05/06/2025,E,RHMA,RE-38,COARSE ROOTS,2.073,0.353,
05/06/2025,E,RHMA,RE-25,LEAVES,7.624,2.198,
05/06/2025,E,RHMA,RE-25,STEM,2.400,0.686,
05/06/2025,E,RHMA,RE-25,HYPO,30.355,9.365,
05/06/2025,E,RHMA,RE-25,DEAD ROOTS,0.012,-0.156,
05/06/2025,E,RHMA,RE-25,FINE ROOTS,5.630,1.317,
05/06/2025,E,RHMA,RE-25,COARSE ROOTS,9.031,1.354,
05/06/2025,E,RHMA,RE-17,LEAVES,5.760,1.582,
05/06/2025,E,RHMA,RE-17,STEM,1.686,0.463,
05/06/2025,E,RHMA,RE-17,HYPO,19.780,6.340,
05/06/2025,E,RHMA,RE-17,DEAD ROOTS,0.011,-0.086,
05/06/2025,E,RHMA,RE-17,FINE ROOTS,3.002,1.074,
05/06/2025,E,RHMA,RE-17,COARSE ROOTS,5.892,1.082,